,id,pickup_datetime,pickup_latitude,pickup_longitude,dropoff_latitude,dropoff_longitude,passenger_count,fare_amount
1,1392,2015-10-21 22:52,-65,-44,39.0,62.0,2,74
4,4332,2017-04-11 16:01,-119,264,-243.0,494.0,2,88
5,3490,2015-04-26 3:51,118,454,-159.0,-116.0,2,75
7,4041,2015-03-04 14:21,213,-194,-102.0,328.0,2,38
8,4376,2017-04-24 6:56,202,-1,-437.0,260.0,1,37
9,2871,2015-09-15 20:00,-17,173,-377.0,98.0,2,40
10,4783,2015-08-15 22:29,312,10,-450.0,88.0,3,24
11,1757,2017-10-03 6:15,11,135,-133.0,-98.0,4,42
12,1516,2017-03-26 14:42,-328,-95,332.0,-21.0,0,52
13,2672,2015-01-15 5:32,291,-105,-474.0,285.0,4,24
15,3102,2017-05-09 17:27,196,-217,-108.0,-10.0,0,51
16,1748,2016-04-18 8:04,-140,-408,-414.0,265.0,1,44
17,3062,2016-03-23 6:23,-408,-351,402.0,-11.0,4,51
18,4036,2015-05-19 18:57,-43,-299,-492.0,-127.0,5,4
20,2463,2017-07-22 17:51,-263,450,469.0,-193.0,4,11
21,4565,2016-06-06 17:23,-435,381,381.0,130.0,3,65
22,3862,2017-08-06 8:27,-95,211,-3.0,357.0,2,46
23,4023,2015-06-19 5:33,-141,233,316.0,-385.0,4,32
24,2438,2017-05-15 5:56,318,212,-332.0,113.0,2,64
25,4108,2015-02-03 0:03,-464,360,-461.0,419.0,5,7
26,1586,2017-07-26 4:49,-469,-464,64.0,-114.0,3,96
27,1333,2015-08-27 0:08,-117,321,79.0,-444.0,5,89
30,1794,2015-11-21 11:27,-110,-302,260.0,45.0,2,6
31,2688,2017-10-18 12:57,-63,-413,308.0,106.0,1,36
32,3286,2016-10-06 14:53,-305,67,269.0,-167.0,3,81
33,2966,2017-09-14 10:03,-466,425,132.0,-131.0,1,86
34,3074,2015-11-09 1:10,166,-216,-90.0,-129.0,2,58
35,4665,2016-11-26 10:50,-477,432,-450.0,4.0,3,15
37,1847,2015-11-10 17:25,-416,451,-159.0,-133.0,3,27
39,3148,2015-11-11 10:39,-456,-417,409.0,239.0,0,79
40,1278,2015-08-07 22:48,-407,-351,-496.0,152.0,1,15
41,4491,2015-04-14 16:30,-151,323,377.0,151.0,2,26
42,2553,2016-07-24 4:12,363,93,-74.0,308.0,1,59
43,2537,2017-08-02 4:12,-115,-279,443.0,-45.0,1,84
45,1272,2016-02-23 15:08,-49,100,23.0,-385.0,4,73
47,3862,2015-01-27 3:30,54,-381,8.0,35.0,2,36
48,2394,2015-03-01 0:26,250,158,-299.0,100.0,0,87
49,1967,2016-08-20 18:19,447,-124,-102.0,195.0,3,95
50,2205,2016-09-03 7:15,-295,-340,-249.0,498.0,0,13
51,1733,2015-04-19 20:48,-320,109,-191.0,-298.0,4,63
52,4260,2015-10-14 15:12,-359,-231,411.0,-2.0,5,64
53,2538,2017-05-05 1:14,-410,399,278.0,-348.0,5,19
54,2919,2015-03-06 12:02,-148,385,496.0,-203.0,4,79
55,4379,2016-09-08 21:54,-465,264,-412.0,153.0,2,20
56,4801,2016-01-23 7:02,-468,-174,412.0,-143.0,5,87
57,1068,2017-05-29 13:08,208,86,160.0,240.0,0,87
58,4698,2016-07-24 8:31,-45,15,160.0,-181.0,1,37
59,1131,2017-04-18 7:53,396,-378,318.0,-143.0,1,77
60,1605,2015-03-25 14:33,256,427,-481.0,152.0,4,18
61,2519,2017-08-16 16:49,4,-125,-120.0,495.0,1,50
63,4705,2015-08-08 22:57,78,170,286.0,-322.0,3,94
64,3160,2017-11-28 19:24,-55,-251,-112.0,311.0,2,9
66,4921,2017-01-17 10:55,-455,-262,101.0,-12.0,2,95
68,3627,2016-01-26 3:27,-113,-413,-257.0,-264.0,1,93
69,1101,2016-08-26 9:42,-53,-437,-354.0,-160.0,0,51
70,2453,2015-03-22 21:30,493,295,-381.0,-90.0,5,82
71,1416,2015-02-09 1:19,451,133,353.0,417.0,4,55
73,2470,2017-04-08 5:36,-165,120,137.0,-2.0,4,69
78,1736,2016-11-23 11:30,-175,147,-466.0,-133.0,4,46
79,1284,2015-10-06 12:26,-160,-271,-386.0,-306.0,1,69
80,1829,2015-08-24 5:48,-232,-205,-228.0,-239.0,0,13
81,3552,2017-09-17 11:58,158,-266,-267.0,-289.0,1,37
83,2049,2015-10-20 6:09,-460,-366,7.0,-446.0,2,55
84,3151,2017-04-28 11:27,-159,464,-145.0,-190.0,2,33
85,1135,2015-05-21 21:28,-442,424,-255.0,-256.0,4,95
86,2970,2016-05-02 21:45,279,-357,-444.0,9.0,4,2
88,1126,2016-03-09 10:42,185,387,134.0,-11.0,1,34
90,2005,2017-11-26 15:27,-13,-220,438.0,-105.0,0,61
91,1900,2017-02-05 2:25,423,39,113.0,311.0,0,20
92,3418,2017-06-07 17:23,-231,-114,330.0,-407.0,0,71
93,2835,2017-09-10 22:47,-329,323,314.0,162.0,5,89
94,4312,2016-11-29 19:37,-224,217,-141.0,219.0,0,47
95,1045,2015-01-07 22:44,-168,80,88.0,-216.0,3,58
97,4591,2015-08-04 7:37,22,131,-45.0,-63.0,0,86
98,2617,2016-04-28 7:26,-136,14,-81.0,-117.0,0,23
99,1277,2015-04-07 13:55,-308,-452,44.0,-140.0,5,18
100,1435,2016-06-08 5:18,411,-62,-316.0,-91.0,5,12
104,4871,2015-10-21 0:33,109,35,170.0,-5.0,3,37
107,3498,2015-07-03 12:21,-409,-149,-499.0,232.0,2,49
108,1785,2015-01-01 4:11,471,490,-370.0,-152.0,4,58
109,2908,2015-02-29 19:42:36,-138,-84,102.0,264.0,2,67
110,4232,2017-08-28 18:07,367,64,414.0,147.0,5,45
111,4478,2017-07-03 10:52,340,-172,49.0,-401.0,4,74
117,3331,2015-10-27 3:38,-169,245,-456.0,336.0,0,44
118,1608,2015-09-27 9:37,-468,-409,-395.0,118.0,5,21
120,2259,2016-09-06 4:10,-120,211,186.0,303.0,2,48
121,2904,2015-10-17 7:10,360,-153,-458.0,-156.0,2,55
122,3974,2016-01-13 22:42,151,-188,-84.0,221.0,0,69
123,4340,2017-05-28 6:45,-215,-427,6.0,192.0,0,43
124,2343,2015-11-02 0:57,-187,-170,300.0,-289.0,1,46
125,1877,2016-09-25 15:22,493,436,-343.0,-217.0,1,52
128,3106,2016-10-10 5:27,-215,-300,497.0,389.0,5,14
129,4085,2016-09-04 8:49,-340,-357,446.0,-28.0,3,37
130,2673,2017-08-19 8:12,252,-448,58.0,-489.0,3,89
131,3735,2016-05-02 9:08,-352,-344,-123.0,427.0,3,66
132,4826,2015-03-08 14:37,-109,269,-381.0,230.0,2,47
133,2137,2017-07-17 13:27,-343,463,-315.0,274.0,5,66
135,3244,2015-06-20 6:09,-136,-397,302.0,-490.0,1,29
136,4583,2015-05-29 5:14,317,-317,447.0,303.0,3,75
138,4654,2017-06-06 5:06,-486,44,-186.0,-157.0,4,72
142,1749,2017-04-29 13:17,-333,-58,-190.0,474.0,4,11
143,2100,2015-03-29 11:19,432,132,303.0,-369.0,5,89
145,3343,2017-02-19 4:30,371,-150,-19.0,-291.0,0,79
146,1428,2015-04-19 11:04,487,498,-457.0,20.0,4,82
147,4900,2015-06-23 2:39,348,-239,-304.0,352.0,3,68
149,1424,2015-05-15 8:20,-80,-251,473.0,459.0,5,94
150,2317,2015-11-09 15:51,464,-178,-310.0,429.0,5,20
151,1872,2016-03-23 4:56,376,-385,382.0,405.0,5,37
152,3327,2015-01-08 0:08,284,216,-424.0,277.0,0,13
153,2530,2015-07-14 18:19,-322,162,-265.0,-243.0,2,31
154,3605,2017-03-18 20:02,-498,461,150.0,291.0,5,93
155,2939,2015-04-03 8:17,492,-307,2.0,-403.0,1,48
156,2698,2017-01-25 18:35,-413,-44,-429.0,-494.0,5,23
157,3126,2015-11-14 2:09,276,-439,-110.0,69.0,4,9
159,3576,2015-04-13 14:47,303,222,465.0,-16.0,1,77
160,3417,2015-08-06 0:54,482,-308,-365.0,297.0,1,46
161,4795,2017-05-02 8:12,483,132,-401.0,266.0,2,59
162,2900,2017-04-10 4:24,146,378,243.0,-158.0,3,85
164,3443,2017-11-07 22:35,-44,240,-197.0,19.0,2,40
165,1700,2017-10-06 12:15,-223,-109,64.0,-124.0,0,41
166,3766,2015-06-01 13:00,311,-336,-77.0,65.0,2,18
167,4986,2016-04-27 1:38,-74,100,97.0,-459.0,5,88
168,2503,2016-05-09 8:38,-257,43,-262.0,56.0,5,3
169,3411,2017-09-13 1:45,300,71,322.0,-13.0,2,31
170,3964,2017-05-06 8:51,-150,-71,-144.0,-214.0,5,59
173,1973,2016-11-08 8:28,-471,-261,-498.0,66.0,2,18
176,1757,2017-07-06 4:30,163,-129,-143.0,209.0,4,33
177,4819,2017-01-01 13:07,-414,275,-417.0,-323.0,4,33
178,2627,2015-04-25 2:22,-115,-13,471.0,242.0,1,85
180,4568,2015-09-26 4:42,129,-432,314.0,140.0,0,57
181,4119,2017-07-25 0:07,306,348,-201.0,-95.0,1,62
182,4267,2017-07-02 19:28,-50,-285,-396.0,417.0,4,11
183,4543,2017-10-02 11:24,102,360,79.0,-287.0,3,10
184,2930,2016-07-11 8:57,13,-355,339.0,-427.0,5,44
185,3902,2016-03-25 13:47,219,56,68.0,-142.0,3,61
187,2437,2017-03-05 3:35,431,-481,-336.0,139.0,2,40
188,2335,2016-10-29 4:19,-100,499,48.0,-98.0,3,74
189,3702,2017-07-01 4:22,319,23,214.0,483.0,3,35
190,1278,2016-06-11 20:23,31,291,412.0,-448.0,2,14
191,1963,2016-10-12 22:42,282,-186,-130.0,-391.0,1,17
192,1901,2015-05-17 0:42,24,-42,-273.0,-461.0,3,36
193,4148,2016-09-03 2:31,470,267,191.0,373.0,3,59
195,1814,2016-09-13 16:21,-348,-243,-31.0,-196.0,3,35
196,2027,2016-05-25 8:06,-500,-333,-82.0,451.0,2,30
197,4381,2015-11-13 20:58,243,-239,-99.0,-215.0,5,11
198,1748,2015-07-10 4:29,421,-5,-288.0,-233.0,0,24
199,4220,2017-01-20 20:00,-277,461,342.0,293.0,5,64
200,1179,2016-06-02 17:42,-365,112,18.0,379.0,0,53
201,2370,2017-02-22 15:58,-262,-461,-130.0,321.0,5,76
202,2727,2016-09-15 0:47,444,95,53.0,-387.0,1,23
205,4125,2017-09-21 14:29,89,-412,212.0,-413.0,3,69
206,1749,2015-08-11 7:51,492,-342,1.0,77.0,3,61
207,4531,2015-06-05 14:58,268,140,-99.0,109.0,3,4
209,3616,2015-05-25 21:21,156,-295,227.0,166.0,4,64
210,3986,2017-02-01 3:50,109,54,-319.0,320.0,2,28
211,3389,2016-08-14 5:10,-350,-479,251.0,282.0,1,64
213,2536,2016-04-25 17:51,21,-444,443.0,417.0,2,42
214,4119,2015-09-01 20:06,37,-46,-196.0,-397.0,0,71
217,4050,2017-05-18 19:55,-112,-88,-255.0,458.0,0,97
218,1114,2017-01-06 2:19,236,87,-135.0,-170.0,3,34
220,4973,2017-10-27 1:57,382,91,184.0,-427.0,2,19
222,2493,2015-02-05 21:21,-119,-342,210.0,442.0,3,29
223,4968,2017-05-17 7:55,-52,-159,-29.0,85.0,1,46
225,2518,2016-03-12 13:04,-469,-165,220.0,465.0,1,30
227,1130,2015-04-25 17:08,48,-53,404.0,-191.0,2,45
228,3244,2016-02-25 8:48,44,360,-70.0,-202.0,2,85
229,1684,2017-09-13 18:48,-284,239,443.0,465.0,4,11
230,2054,2017-09-13 6:43,-316,78,-281.0,142.0,1,24
232,2895,2016-05-03 3:18,-421,-345,-344.0,-8.0,3,44
233,3139,2017-07-18 10:26,99,447,453.0,-444.0,1,7
234,2559,2016-02-28 3:04,-494,-199,-159.0,274.0,0,50
236,1142,2016-09-15 5:06,-454,-387,-468.0,-406.0,3,8
238,2947,2015-04-09 16:51,-282,349,-248.0,99.0,2,12
239,3081,2015-02-03 5:19,-454,331,-269.0,-439.0,4,98
242,4849,2016-04-28 5:45,-236,331,-115.0,210.0,1,85
243,1069,2017-07-27 15:16,211,225,-128.0,141.0,2,35
246,2826,2016-06-07 3:44,-66,63,-460.0,-337.0,0,18
247,1040,2015-10-21 4:43,-355,77,-422.0,-245.0,2,41
248,2624,2015-11-02 8:47,26,432,408.0,367.0,2,31
250,1543,2017-01-20 9:34,-126,-151,-85.0,63.0,0,18
251,4816,2015-06-26 22:55,-335,343,206.0,-117.0,4,52
252,1275,2015-03-27 13:09,-364,57,446.0,-102.0,2,55
253,1946,2017-05-28 6:30,-281,281,-207.0,-27.0,1,39
254,1676,2015-04-21 18:30,-324,41,274.0,22.0,4,69
255,2128,2016-07-23 13:18,64,-157,-86.0,318.0,4,87
257,4608,2017-01-18 18:08,-153,404,345.0,-57.0,1,41
259,4016,2017-10-25 11:04,-207,-200,12.0,225.0,4,59
265,4296,2017-10-25 18:31,132,-487,-17.0,-146.0,2,82
266,3321,2016-09-27 12:51,304,-99,-118.0,22.0,1,17
267,3524,2017-01-08 18:30,-318,236,365.0,292.0,4,35
268,2557,2017-06-07 3:21,-444,-121,219.0,-138.0,2,32
269,2925,2017-09-28 17:53,141,-1,-74.0,-485.0,1,67
270,2089,2016-06-06 14:33,441,296,-181.0,-103.0,4,54
271,2840,2017-11-09 19:05,-158,78,294.0,-150.0,3,30
272,2411,2017-02-02 20:29,-360,-225,-121.0,-262.0,0,64
273,2142,2016-07-09 19:30,90,307,469.0,-249.0,2,11
274,1517,2015-02-08 12:01,-180,-198,95.0,242.0,4,50
275,4025,2015-09-22 8:05,-399,-271,-6.0,140.0,2,32
276,1204,2015-03-09 14:55,11,122,-477.0,-254.0,0,71
277,1779,2017-03-27 17:49,477,-83,139.0,467.0,5,42
278,1080,2015-08-11 19:50,-475,-383,318.0,-469.0,3,30
279,3766,2015-09-28 13:44,456,316,200.0,-15.0,2,59
280,2607,2017-05-17 6:51,166,364,-461.0,-259.0,1,59
281,3574,2015-09-07 17:35,69,-438,-234.0,94.0,2,9
282,2829,2016-11-18 20:14,-189,407,414.0,-478.0,1,26
285,3453,2017-09-03 20:12,-381,326,294.0,-1.0,5,28
286,1301,2017-08-11 14:33,-266,17,-480.0,48.0,5,82
287,2155,2017-10-06 1:43,-198,170,369.0,-262.0,2,58
288,2491,2016-05-17 17:31,441,-285,-135.0,-351.0,0,78
290,2533,2015-03-29 9:25,148,-120,-334.0,-36.0,0,46
291,1785,2017-04-02 10:43,407,51,-61.0,-415.0,0,77
292,4346,2016-06-21 19:19,-31,-429,-231.0,105.0,3,46
294,4156,2016-07-25 2:08,-442,-267,-78.0,213.0,0,10
295,1778,2017-03-08 12:07,72,-436,411.0,-420.0,5,13
296,4736,2015-08-27 6:26,394,-57,351.0,-26.0,2,29
297,2848,2015-05-19 16:00,-162,-161,-52.0,-344.0,1,19
299,1891,2017-01-21 0:22,360,300,61.0,298.0,1,34
300,1301,2016-06-05 14:56,-287,11,411.0,-15.0,1,14
301,2761,2017-02-09 3:37,445,245,-459.0,-137.0,5,98
302,1859,2015-01-26 9:49,-393,-10,416.0,292.0,4,57
303,2326,2016-03-10 7:44,-493,55,39.0,145.0,0,66
304,2748,2016-10-18 11:41,201,287,-393.0,342.0,0,59
305,1810,2017-06-03 1:28,-388,19,-421.0,408.0,1,22
306,4720,2017-05-11 8:24,-176,397,97.0,-41.0,3,52
308,3019,2016-02-23 5:45,-449,-476,-498.0,-155.0,5,27
309,3323,2015-01-16 7:03,-184,56,-82.0,-230.0,0,54
310,1114,2016-06-02 3:22,-155,-486,383.0,-347.0,1,35
311,2695,2015-09-04 20:09,-341,173,-392.0,97.0,3,50
312,1248,2015-03-29 12:26,-84,193,218.0,303.0,3,28
313,3014,2015-07-29 22:09,55,-287,-55.0,-42.0,4,81
315,3911,2016-04-22 6:02,40,-325,288.0,142.0,4,75
316,1824,2017-10-15 1:53,127,244,19.0,483.0,1,32
317,3365,2017-05-15 9:01,473,-470,-235.0,-285.0,0,33
318,1137,2016-06-03 9:36,309,294,-64.0,-90.0,3,10
320,4019,2016-04-12 18:26,-234,-391,-464.0,-306.0,3,79
321,3523,2017-03-19 22:45,-364,-3,-7.0,263.0,3,52
322,2341,2016-06-19 2:19,-352,7,110.0,-221.0,3,39
323,3926,2015-03-01 21:43,-376,-412,-328.0,-253.0,2,87
325,3050,2016-09-28 19:36,36,-13,-376.0,443.0,5,58
326,2637,2016-08-02 0:46,483,132,94.0,203.0,2,18
327,3225,2015-09-29 4:05,-27,32,-319.0,-192.0,3,79
328,2877,2017-02-15 11:58,76,296,181.0,161.0,3,46
331,1926,2017-06-16 16:26,360,-156,456.0,5.0,0,47
332,4763,2017-09-08 3:28,-321,433,-490.0,434.0,1,95
333,3903,2016-03-29 4:37,-337,378,497.0,-77.0,5,40
334,3652,2016-03-25 15:48,404,273,-81.0,30.0,5,77
335,2810,2016-08-18 1:50,-136,74,-132.0,-366.0,5,30
337,4111,2016-02-09 21:23,-42,-106,-476.0,217.0,3,39
338,3753,2016-02-06 13:33,137,-443,-470.0,-115.0,5,65
339,2417,2015-04-28 19:17,72,-4,205.0,-30.0,3,73
341,2840,2015-06-05 9:54,-305,272,67.0,-411.0,2,12
342,4794,2015-11-14 11:14,-429,225,-143.0,167.0,5,37
343,1142,2015-11-29 13:05,240,386,-334.0,-329.0,0,82
344,2058,2016-03-23 2:46,497,-309,-430.0,-494.0,4,63
346,4380,2016-03-03 10:35,-358,111,489.0,183.0,0,56
347,1455,2017-06-11 16:34,41,115,-282.0,119.0,4,21
348,4753,2017-08-27 5:30,-268,-20,-117.0,168.0,1,87
352,2156,2015-09-07 15:08,-141,341,376.0,349.0,2,87
353,1449,2015-10-15 6:52,-115,458,241.0,-140.0,1,26
354,2388,2017-04-15 3:55,183,277,274.0,-204.0,3,48
355,4003,2017-05-24 0:20,-148,220,132.0,-476.0,4,46
356,2662,2017-02-05 20:16,-115,30,105.0,-248.0,2,84
358,2348,2016-01-25 4:20,51,-306,-270.0,-49.0,5,22
359,1687,2015-10-14 10:00,-253,495,-74.0,-245.0,3,98
362,2551,2016-03-05 0:35,127,-453,-389.0,-198.0,1,59
364,1001,2016-11-01 4:07,-85,-250,-62.0,324.0,1,18
367,2088,2015-04-14 11:37,-52,-394,206.0,492.0,3,16
368,2830,2015-11-05 0:03,-178,-86,-222.0,343.0,1,43
369,1826,2017-01-16 1:34,-459,183,98.0,-408.0,5,97
370,1638,2015-06-24 13:42,467,-92,-29.0,-429.0,0,75
372,3385,2015-06-21 3:13,319,-41,-414.0,142.0,4,48
374,2343,2017-01-08 18:14,364,440,97.0,150.0,1,50
376,2808,2016-08-18 11:17,185,-81,-35.0,-130.0,4,67
377,3279,2017-07-21 5:48,-459,409,164.0,-222.0,0,59
379,1961,2016-06-21 8:15,22,-226,-247.0,338.0,4,27
380,2721,2017-07-07 20:05,339,-339,461.0,382.0,5,68
382,4131,2017-08-20 4:10,-169,295,187.0,371.0,4,42
383,4889,2015-09-17 1:36,-54,299,169.0,-107.0,3,69
387,1132,2015-10-25 22:32,-474,413,-354.0,-222.0,0,55
389,1292,2017-09-01 14:24,293,-359,173.0,21.0,3,67
390,4949,2015-04-23 7:18,22,334,-297.0,327.0,0,23
393,1333,2016-05-12 8:29,382,246,232.0,-33.0,0,63
394,1559,2015-05-02 4:32,354,445,-399.0,-81.0,2,75
396,3054,2015-07-05 10:03,-155,166,211.0,285.0,2,56
397,1789,2016-02-05 4:09,-136,-461,286.0,253.0,3,35
398,3014,2015-11-04 5:36,-176,342,434.0,-204.0,3,44
399,4764,2015-04-21 14:41,428,-350,-138.0,176.0,3,62
400,1878,2015-05-26 14:53,-112,-17,-5.0,-196.0,0,35
402,4131,2015-09-18 12:51,483,478,294.0,177.0,0,85
404,4059,2017-09-01 4:44,-338,-274,156.0,-52.0,2,22
405,1494,2016-04-01 11:48,-125,-51,482.0,187.0,1,84
406,4107,2015-07-08 1:22,283,-466,-49.0,417.0,3,30
407,1136,2017-02-02 10:37,469,427,7.0,409.0,2,57
408,2838,2015-08-14 12:39,63,337,170.0,139.0,1,31
409,4261,2016-06-02 16:38,225,496,143.0,-280.0,1,54
410,4497,2015-09-16 1:03,-490,-277,-474.0,189.0,1,29
411,2642,2015-04-26 4:53,492,-408,118.0,475.0,0,39
413,2359,2015-02-19 19:28,219,223,-117.0,118.0,0,35
415,4537,2016-07-08 0:48,258,-432,403.0,89.0,5,68
417,2381,2015-09-09 20:33,-362,-404,-20.0,-430.0,3,18
418,2815,2015-01-12 5:48,221,154,-33.0,-470.0,5,37
420,2255,2017-07-10 9:20,394,-494,193.0,418.0,4,27
422,1331,2015-09-12 14:08,-405,-436,-478.0,-173.0,4,27
423,3453,2016-07-11 19:55,403,-381,-225.0,268.0,3,40
424,2774,2016-07-17 22:15,-500,-470,-220.0,-144.0,0,48
426,4964,2016-02-25 14:24,-18,472,406.0,282.0,2,84
427,1089,2016-09-21 20:43,-149,81,-267.0,371.0,1,67
428,1529,2016-10-15 6:28,163,462,431.0,132.0,1,50
429,1531,2016-07-11 8:07,-389,-375,242.0,78.0,0,36
434,3372,2016-06-24 16:07,161,-454,168.0,-194.0,0,53
435,4424,2015-05-09 1:36,264,172,-180.0,-2.0,4,54
436,3855,2015-09-29 22:29,-349,498,-77.0,-125.0,5,57
437,1364,2016-02-11 6:31,364,445,-258.0,382.0,4,51
438,2284,2016-10-15 20:45,493,-327,156.0,-19.0,3,27
439,4672,2015-05-20 18:38,280,-375,-181.0,-468.0,0,51
440,2952,2016-01-19 4:33,84,184,231.0,333.0,1,76
444,4536,2017-03-06 17:43,59,-445,132.0,50.0,0,16
447,4792,2017-09-18 0:56,367,107,-211.0,-37.0,0,23
448,3684,2017-01-10 12:24,440,208,-418.0,339.0,4,86
449,3549,2017-02-13 10:40,182,415,77.0,-113.0,1,44
450,3706,2015-07-23 5:24,-262,347,-248.0,-293.0,5,12
452,3667,2015-08-08 18:56,446,-263,358.0,-268.0,5,49
453,4367,2017-08-02 19:08,198,-171,144.0,-63.0,1,64
454,1909,2017-05-05 20:32,-64,-458,-264.0,421.0,3,83
456,1470,2016-07-23 20:56,344,153,221.0,-323.0,5,34
457,4299,2017-02-15 16:48,299,206,-165.0,-500.0,0,58
459,1161,2017-09-15 17:05,372,-500,-303.0,-81.0,2,36
461,1880,2017-05-13 15:57,87,-111,-140.0,-125.0,4,75
463,1272,2015-01-11 13:17,-490,155,-246.0,-354.0,2,88
464,1001,2017-04-21 4:25,-477,-226,-95.0,187.0,3,14
465,1732,2015-07-29 3:39,307,442,209.0,-174.0,3,33
467,3656,2016-08-26 10:14,-432,-222,484.0,-363.0,0,73
468,1580,2015-04-26 1:51,-454,-288,-359.0,166.0,3,51
469,2604,2015-08-02 20:38,8,-353,-80.0,-88.0,5,55
470,3470,2017-07-23 22:11,-480,413,-212.0,263.0,5,82
471,1485,2016-10-20 13:19,339,-77,-332.0,-227.0,1,85
473,4160,2017-01-09 3:58,-350,188,-447.0,316.0,2,57
474,4733,2017-09-17 15:07,388,359,-183.0,209.0,3,21
475,1356,2017-09-09 8:28,-399,-431,-432.0,182.0,0,33
479,1221,2015-04-02 7:19,403,412,-250.0,21.0,0,36
481,2829,2016-01-22 19:57,-417,-208,446.0,63.0,2,82
483,3448,2016-07-04 20:53,482,-493,-302.0,130.0,4,23
484,4201,2015-04-04 5:20,398,116,-281.0,-299.0,4,26
486,2537,2015-09-05 0:08,15,336,195.0,-266.0,5,38
487,2000,2015-07-05 14:33,77,287,-30.0,-344.0,4,67
490,3817,2015-05-05 18:57,399,-149,-483.0,-38.0,0,63
491,4945,2016-05-20 20:32,233,-285,-230.0,-372.0,1,71
493,1270,2016-07-10 1:25,-176,-304,-209.0,-63.0,5,66
494,2745,2015-02-26 11:27,-339,-103,-35.0,367.0,3,66
495,2149,2017-04-17 11:03,-30,315,-220.0,-286.0,4,50
497,3112,2015-05-25 18:53,-101,-284,-176.0,442.0,0,42
499,4021,2017-10-23 10:30,-375,444,138.0,-119.0,0,34
501,2590,2016-02-07 18:53,124,-170,-371.0,6.0,3,38
504,1504,2017-09-11 14:04,-63,107,-298.0,-459.0,0,94
505,2246,2017-09-29 12:33,65,-342,-398.0,429.0,5,62
506,2840,2015-10-09 20:16,-23,49,148.0,54.0,2,95
507,1920,2017-10-18 10:55,-123,-44,310.0,-447.0,4,38
508,2359,2016-01-12 0:34,-136,-62,83.0,233.0,4,77
509,3258,2016-08-20 3:14,-48,339,-155.0,-54.0,0,57
510,2965,2015-05-02 5:56,-97,-229,431.0,254.0,1,88
511,2928,2015-06-02 17:22,264,355,80.0,357.0,0,99
512,4883,2017-09-13 8:53,-63,248,222.0,19.0,5,20
514,1825,2016-03-20 11:36,-318,-113,-140.0,341.0,4,63
515,2845,2015-10-10 18:51,44,-136,-89.0,305.0,0,75
516,4695,2016-03-06 14:07,-55,37,378.0,93.0,3,49
517,2201,2015-08-08 8:43,155,-297,-274.0,241.0,2,34
520,4737,2015-02-17 17:07,402,480,-49.0,389.0,0,68
521,2403,2015-07-19 15:16,-184,-355,131.0,-105.0,2,56
522,3640,2015-01-16 6:30,-496,271,-237.0,-66.0,0,58
524,3686,2017-02-22 6:18,91,487,-370.0,224.0,0,56
526,3390,2016-03-18 10:34,-111,445,58.0,-324.0,2,88
527,4309,2017-02-12 4:48,489,406,-21.0,245.0,1,42
528,4380,2015-10-24 1:13,-319,400,158.0,-158.0,2,14
529,2000,2016-02-11 4:34,-181,-318,-188.0,290.0,0,63
530,4336,2017-03-15 14:48,-453,223,-17.0,422.0,1,40
531,2488,2016-04-24 8:02,-303,116,-349.0,246.0,0,56
532,3914,2016-07-11 8:40,-297,178,343.0,-468.0,5,55
533,4955,2016-01-06 18:10,245,450,-219.0,147.0,1,63
534,1941,2015-05-26 20:27,487,-258,-35.0,144.0,1,82
536,3968,2017-09-20 7:52,-297,-234,-70.0,-186.0,3,77
537,4849,2015-09-14 21:00,17,-149,10.0,293.0,3,45
539,2750,2016-06-01 18:09,-4,-142,349.0,12.0,1,84
540,3422,2016-11-07 19:11,-101,-27,412.0,227.0,2,77
541,1795,2017-06-18 0:10,-90,361,271.0,431.0,2,1
542,3521,2017-08-10 11:39,440,381,-63.0,128.0,3,87
543,3043,2016-06-21 16:57,-291,-149,-329.0,291.0,4,32
544,2193,2016-02-05 14:45,28,-121,-120.0,-419.0,3,72
545,1712,2017-05-20 11:18,-232,124,207.0,-339.0,5,67
546,3471,2015-03-27 3:41,427,-158,170.0,390.0,1,32
547,3589,2015-11-08 15:53,28,-70,-102.0,111.0,5,59
548,1880,2015-02-07 16:00,404,-13,-20.0,-404.0,2,39
552,3369,2017-10-24 7:54,388,-218,-481.0,-258.0,1,78
554,1224,2017-11-22 15:26,-209,-76,406.0,275.0,5,59
555,2234,2016-03-19 13:28,302,-78,384.0,-450.0,1,46
556,4933,2017-02-24 19:32,386,12,75.0,205.0,5,44
557,2159,2016-11-25 19:43,4,-85,-434.0,260.0,1,44
558,1786,2016-02-14 22:21,271,-5,-196.0,472.0,3,59
561,2390,2015-04-19 21:09,-326,-383,468.0,-479.0,5,31
562,3896,2015-03-08 5:30,139,288,-156.0,-15.0,2,47
563,4023,2015-04-22 6:11,402,333,402.0,240.0,5,37
564,2387,2016-10-04 0:35,-433,-154,-341.0,-453.0,2,56
565,1067,2015-10-19 11:54,411,-214,-211.0,-35.0,0,11
567,3277,2015-01-14 16:40,286,-158,-370.0,-70.0,0,45
568,1801,2015-09-18 20:54,119,150,451.0,437.0,2,16
569,3584,2015-11-11 0:57,-497,89,162.0,114.0,4,37
570,3519,2015-11-16 9:07,-483,-56,192.0,4.0,3,36
571,4612,2016-08-22 0:39,-295,343,-356.0,154.0,3,62
572,2536,2016-05-16 9:41,293,309,-430.0,80.0,5,22
573,1064,2016-05-07 2:10,331,-26,-111.0,-4.0,5,45
574,4414,2016-02-23 8:02,458,-233,-355.0,300.0,5,43
576,2296,2016-01-29 14:20,375,252,331.0,229.0,3,28
577,2110,2017-05-28 17:29,-159,118,119.0,-290.0,0,51
578,2444,2017-06-16 22:42,103,222,-347.0,-144.0,2,50
579,2877,2015-03-06 17:17,129,401,-41.0,287.0,1,61
580,4860,2015-07-02 11:37,421,-59,400.0,-114.0,5,22
581,1602,2016-02-22 20:46,-391,-133,236.0,381.0,2,17
583,2840,2017-02-14 20:31,474,-244,65.0,374.0,5,17
584,1143,2017-11-11 22:19,-489,21,-361.0,-180.0,1,30
585,4556,2015-08-27 15:25,-309,-441,-293.0,-109.0,5,12
586,4771,2015-08-13 17:34,150,181,170.0,-285.0,5,55
587,2953,2017-05-09 14:18,-225,-318,-149.0,-471.0,2,87
589,1125,2015-04-25 3:46,341,302,-251.0,407.0,0,58
590,4617,2016-08-29 16:34,316,-201,-422.0,-147.0,5,20
591,1537,2016-08-14 0:35,172,-203,92.0,150.0,4,45
592,3124,2015-04-09 14:55,203,160,282.0,-26.0,5,31
593,4879,2016-11-29 6:53,-459,-374,-370.0,95.0,1,43
594,2517,2015-03-16 6:06,-356,216,-16.0,-492.0,3,13
596,4097,2015-06-04 19:08,167,30,434.0,-8.0,4,50
597,3990,2016-07-20 7:13,246,475,270.0,-412.0,1,14
598,4734,2015-01-05 9:26,-498,-283,-336.0,-124.0,4,39
599,2909,2016-07-27 20:30,344,-395,151.0,355.0,1,84
601,4147,2017-11-11 17:28,-448,-63,370.0,-498.0,0,56
602,1492,2015-10-22 1:17,488,46,152.0,477.0,3,32
605,1962,2016-01-06 0:50,392,-330,-358.0,-279.0,5,32
606,3891,2015-01-15 10:53,84,198,-69.0,-242.0,0,88
607,3301,2015-03-22 5:48,-168,-182,95.0,131.0,1,55
608,4365,2017-07-23 2:55,144,-274,22.0,125.0,5,62
611,4387,2017-11-29 15:39,-317,-96,428.0,4.0,5,31
612,3537,2015-07-16 16:10,-338,-486,-269.0,11.0,1,38
614,1441,2015-04-03 17:39,62,-37,-300.0,-23.0,3,4
615,4305,2015-08-10 10:06,-283,462,-32.0,-42.0,0,74
617,3680,2016-09-18 13:52,16,-231,-15.0,314.0,2,98
618,3709,2015-03-10 11:49,-259,-111,295.0,484.0,1,83
619,1544,2015-05-26 19:25,-13,-293,-447.0,-244.0,3,42
620,2606,2016-01-21 5:54,462,-141,416.0,114.0,0,19
622,3476,2015-04-27 8:51,93,251,-497.0,206.0,5,73
624,4418,2015-08-26 11:53,-137,-472,95.0,495.0,1,76
626,3491,2017-08-18 12:13,448,423,17.0,-208.0,4,41
628,4157,2015-04-04 7:45,448,-193,-316.0,19.0,2,27
629,3711,2017-09-23 9:51,-310,318,-243.0,-328.0,0,30
630,1320,2017-05-13 20:49,82,-75,233.0,-144.0,5,81
631,1046,2016-07-26 13:11,37,-297,-79.0,405.0,4,65
632,2253,2015-11-26 14:41,-473,-410,444.0,57.0,3,87
634,2676,2015-05-28 7:15,174,486,28.0,83.0,0,71
637,1856,2017-06-01 9:01,461,371,34.0,366.0,3,38
639,2697,2015-05-13 3:11,-121,-276,-287.0,-343.0,0,85
641,2125,2017-01-24 0:33,-44,214,245.0,253.0,0,38
643,1031,2016-07-18 2:27,-496,-443,397.0,57.0,5,50
645,3925,2017-08-06 1:28,6,395,-170.0,-349.0,0,88
649,2412,2017-03-04 14:15,148,18,1.0,-87.0,4,43
650,3704,2017-06-07 12:51,432,-266,-414.0,-266.0,2,71
651,4328,2017-10-16 21:35,161,-429,210.0,465.0,5,94
652,3971,2016-07-29 21:57,-112,-455,328.0,-389.0,1,39
653,2159,2017-06-02 11:03,-470,311,-186.0,290.0,0,43
655,1383,2015-02-25 3:06,90,-205,162.0,275.0,2,40
657,2905,2015-04-14 3:45,-423,-390,-271.0,7.0,5,85
658,4736,2017-11-28 5:41,275,-132,22.0,469.0,0,64
659,3928,2017-07-29 10:43,-121,61,419.0,92.0,1,92
660,2810,2015-06-12 1:24,232,-24,116.0,-340.0,1,68
661,4563,2015-11-13 0:19,-327,-142,-403.0,412.0,5,93
662,4682,2017-11-03 1:39,-241,331,-132.0,-386.0,2,61
663,1406,2017-03-19 13:20,-440,-483,-498.0,86.0,1,22
666,4941,2016-05-16 6:52,203,112,-247.0,-174.0,3,59
667,3635,2015-07-28 12:13,458,-456,427.0,-98.0,0,17
669,1145,2016-04-17 2:03,-377,95,329.0,177.0,4,42
670,4443,2016-11-11 22:11,366,7,268.0,-500.0,0,53
672,1030,2015-06-25 5:28,-437,-403,-104.0,116.0,4,3
673,2640,2015-10-03 5:16,-246,38,-482.0,470.0,1,76
674,3594,2017-07-10 17:17,-218,237,-460.0,-335.0,5,76
675,2384,2017-01-21 7:45,-76,380,110.0,-226.0,3,85
677,1401,2016-11-29 20:26,237,453,-425.0,232.0,2,12
678,4805,2015-11-03 3:22,223,-390,190.0,-80.0,3,31
680,1837,2015-04-26 13:23,-186,-422,33.0,356.0,2,63
682,4744,2017-03-04 17:11,-253,88,495.0,-471.0,5,34
683,3154,2015-02-01 11:27,328,-265,194.0,-154.0,2,36
685,3468,2016-02-21 3:47,-496,472,265.0,144.0,4,24
686,1582,2017-06-04 13:58,-442,97,277.0,269.0,2,9
688,3526,2016-06-13 11:20,-386,-180,333.0,-216.0,3,18
689,3521,2016-08-10 16:05,61,58,17.0,123.0,4,35
692,4762,2017-06-01 7:53,143,-333,485.0,-369.0,3,17
694,1340,2015-02-22 8:23,154,483,59.0,-116.0,3,29
695,4559,2017-08-25 6:11,-30,-56,104.0,381.0,3,68
696,4252,2017-08-16 0:54,-175,81,-205.0,-52.0,0,73
697,3963,2017-06-08 18:43,-24,-14,-130.0,-65.0,5,52
699,1377,2016-02-06 7:36,239,-271,342.0,496.0,1,53
701,1016,2015-09-24 15:08,-343,-18,-16.0,-373.0,5,19
702,2984,2015-09-10 11:00,153,-457,419.0,-499.0,3,49
703,3641,2015-10-13 11:51,-335,307,-374.0,-122.0,5,44
706,3406,2017-11-16 17:35,5,453,-192.0,-384.0,1,35
707,4761,2017-10-05 1:14,456,-128,226.0,446.0,0,79
708,2296,2015-02-09 8:08,289,412,-324.0,232.0,3,81
709,1657,2015-03-19 7:37,-32,-359,82.0,388.0,2,64
711,4681,2015-04-19 22:22,-483,-268,184.0,35.0,0,39
712,2604,2015-08-21 2:22,296,-328,-291.0,-205.0,4,88
716,1837,2016-04-29 15:05,-236,442,121.0,499.0,1,17
717,1584,2016-02-07 9:46,101,85,-398.0,198.0,4,69
718,4312,2017-09-21 17:31,160,173,-42.0,256.0,1,61
719,3079,2017-10-15 6:41,498,-70,200.0,-221.0,1,82
720,1533,2015-01-26 10:54,104,61,-27.0,-330.0,1,72
721,2699,2017-03-20 22:16,311,-235,351.0,477.0,1,23
722,3233,2017-04-01 17:36,-246,-313,111.0,-308.0,5,2
723,1795,2016-02-18 15:57,268,117,36.0,-271.0,2,72
724,1492,2016-05-16 6:23,-455,438,89.0,-175.0,3,98
725,4122,2017-03-27 9:07,-26,-421,-11.0,229.0,4,38
726,3608,2017-06-18 12:09,-480,-389,-77.0,111.0,0,12
729,3971,2016-05-08 19:03,-180,-358,-295.0,-173.0,5,37
731,3163,2017-04-20 20:01,377,178,343.0,27.0,0,85
734,1350,2016-05-05 0:27,176,-251,-340.0,212.0,2,43
735,1158,2015-11-06 1:21,233,-264,-452.0,477.0,4,20
737,2207,2015-05-18 11:14,-457,-7,-294.0,478.0,4,85
739,3612,2017-02-01 20:56,460,404,284.0,-120.0,0,88
740,3326,2016-01-12 0:29,-88,53,-234.0,55.0,2,82
741,2056,2015-11-04 22:16,-408,205,-21.0,253.0,5,26
742,1535,2015-04-11 21:41,218,-380,-400.0,-194.0,0,3
743,2859,2017-08-06 11:53,231,339,84.0,-301.0,3,79
744,2179,2017-10-17 11:47,336,418,276.0,-371.0,4,36
745,2141,2016-07-19 1:20,-148,285,346.0,-438.0,0,75
746,1968,2016-05-10 20:52,55,311,178.0,27.0,3,54
747,4513,2016-08-04 1:13,225,447,-476.0,-343.0,2,24
748,3181,2015-06-20 22:37,-477,-118,259.0,-290.0,0,21
749,1869,2017-08-25 11:55,-34,163,254.0,183.0,2,40
750,2137,2016-05-23 4:11,370,10,267.0,-310.0,2,57
751,1594,2016-01-24 12:11,-488,206,-247.0,319.0,1,81
753,1169,2017-01-08 13:02,285,132,412.0,-2.0,3,85
755,3910,2016-11-01 14:34,284,59,-134.0,459.0,5,31
756,2777,2015-08-10 21:20,-323,242,156.0,347.0,5,36
758,3777,2016-05-06 22:37,-231,-194,-212.0,29.0,0,50
759,2849,2016-08-06 7:18,227,-242,400.0,315.0,5,50
760,2161,2015-01-26 19:34,353,-324,46.0,46.0,0,30
761,1626,2016-04-06 1:43,-191,99,17.0,269.0,3,6
762,2990,2015-02-09 6:37,-235,375,-7.0,373.0,0,74
763,4131,2015-11-09 13:56,-281,-210,311.0,198.0,1,74
764,3759,2015-11-20 15:30,379,-273,176.0,-310.0,0,77
765,1122,2015-07-02 14:20,-220,-159,-86.0,-172.0,2,75
766,4688,2017-04-21 0:45,444,-136,-427.0,77.0,5,91
767,1004,2017-07-26 18:36,-73,-476,355.0,-26.0,5,48
768,1173,2017-11-28 6:53,29,-214,281.0,398.0,1,68
769,3141,2015-01-08 5:45,258,-383,-70.0,-103.0,3,14
770,3845,2017-03-24 3:29,-435,492,385.0,137.0,1,56
771,1398,2015-02-14 1:15,170,-251,-339.0,387.0,1,53
773,3752,2016-01-12 7:26,484,-441,-203.0,367.0,0,39
774,1292,2017-08-19 16:16,-453,-428,465.0,211.0,3,92
775,4735,2015-11-05 20:15,-484,438,266.0,-294.0,1,17
776,4468,2015-03-06 2:46,-291,-350,181.0,-292.0,5,57
777,3716,2016-05-22 4:29,38,225,335.0,-452.0,3,42
780,1965,2015-11-04 11:54,140,195,-425.0,-43.0,3,64
781,2768,2017-02-26 20:04,290,-269,137.0,456.0,1,86
782,1795,2017-10-19 5:53,-35,431,499.0,124.0,0,78
783,3230,2016-06-16 15:12,322,-98,-256.0,135.0,2,67
784,2819,2016-02-27 1:04,435,-164,-289.0,154.0,1,7
785,4934,2015-10-04 22:57,410,183,205.0,397.0,1,45
787,1667,2016-09-18 15:00,-351,-286,-140.0,-174.0,3,45
788,4840,2017-05-04 5:09,371,67,23.0,451.0,4,15
789,2558,2017-09-02 7:13,447,430,421.0,-71.0,5,18
790,2817,2017-11-09 2:33,-173,-134,429.0,414.0,1,43
791,2223,2017-04-24 20:52,-7,-331,472.0,-443.0,0,50
792,1693,2015-07-08 6:40,198,451,312.0,-377.0,4,36
793,3397,2016-02-23 12:36,320,-206,16.0,70.0,3,54
794,4710,2015-10-27 20:30,168,381,101.0,39.0,0,38
795,3655,2016-05-02 14:52,313,-470,85.0,-253.0,4,79
796,3422,2017-03-19 11:07,-36,-8,-421.0,-29.0,5,16
797,2947,2017-08-11 2:28,24,428,286.0,-40.0,0,66
798,3483,2015-02-11 2:21,171,-349,-322.0,154.0,4,25
801,1465,2015-06-17 5:34,-478,-238,-256.0,-111.0,0,88
804,3649,2017-05-09 18:40,-288,49,-251.0,439.0,1,20
805,2090,2016-03-08 7:14,181,276,247.0,230.0,0,41
806,4846,2016-04-18 0:36,-116,-341,491.0,54.0,5,65
808,2762,2017-10-14 11:49,-161,264,-340.0,-246.0,0,27
809,4941,2016-06-29 11:35,-470,256,78.0,67.0,1,83
810,1029,2016-09-24 12:51,177,275,408.0,-169.0,3,52
812,3115,2015-10-11 1:42,-264,136,-120.0,497.0,2,81
815,4637,2017-02-03 16:39,-153,342,64.0,405.0,3,71
816,3422,2015-10-23 2:19,219,-113,396.0,-222.0,0,56
817,2892,2015-07-07 10:35,112,150,478.0,-93.0,3,24
818,1781,2017-04-19 2:26,-455,222,-28.0,-144.0,3,38
820,4246,2016-05-03 21:49,-437,-431,355.0,-115.0,5,43
821,4501,2016-11-11 20:54,91,-311,-257.0,-333.0,2,7
822,4932,2017-08-28 7:54,33,451,-99.0,-302.0,1,73
824,2584,2015-09-18 17:29,111,187,-301.0,-367.0,4,7
827,1891,2016-02-21 21:47,350,98,202.0,-58.0,3,15
828,4031,2015-05-28 8:52,318,-68,489.0,400.0,5,63
830,1217,2016-04-15 21:49,353,-432,-185.0,378.0,4,51
831,2381,2017-08-09 10:02,-51,-251,116.0,-208.0,3,86
832,1264,2015-10-20 5:16,497,123,-358.0,-451.0,3,29
835,2418,2015-09-19 20:16,-353,426,-370.0,212.0,2,82
836,3023,2015-01-21 15:57,-427,4,148.0,466.0,2,64
837,3054,2016-08-17 16:35,-466,-307,-454.0,-315.0,4,7
838,4823,2017-05-21 21:01,108,36,-442.0,70.0,1,94
839,4863,2017-11-01 15:48,67,-441,-217.0,151.0,4,24
841,1286,2015-01-04 1:21,469,-141,340.0,-34.0,1,58
842,2750,2017-05-26 11:45,-370,386,378.0,120.0,4,54
845,1499,2015-02-14 11:38,69,311,299.0,287.0,4,74
847,3070,2015-04-19 4:54,-198,103,276.0,450.0,0,64
848,2692,2017-01-18 12:07,-46,6,-121.0,-179.0,3,8
849,1665,2016-10-05 18:53,57,-141,-363.0,-198.0,2,42
851,2527,2016-07-17 3:48,-48,281,202.0,-448.0,0,61
852,2709,2016-10-25 16:51,-173,153,95.0,460.0,5,53
853,2760,2015-08-15 7:38,219,18,239.0,130.0,3,38
854,4782,2017-08-06 1:50,-1,146,-339.0,437.0,1,40
855,3182,2017-06-26 18:52,-493,-311,-66.0,-301.0,1,38
856,1941,2015-04-16 5:08,-174,-432,472.0,415.0,5,61
857,1496,2015-03-21 16:23,295,-163,-301.0,-47.0,1,85
858,2145,2017-02-23 16:38,-154,-442,81.0,497.0,0,61
859,3446,2016-02-05 21:12,346,206,-118.0,276.0,3,49
860,1966,2017-05-28 7:18,-362,-195,339.0,121.0,1,26
861,3191,2015-05-14 3:42,-115,215,-420.0,436.0,2,11
862,3486,2016-01-02 22:37,-426,-361,226.0,408.0,5,35
863,3084,2015-03-11 4:45,82,-82,174.0,-337.0,1,46
864,2588,2017-07-18 18:28,216,253,-214.0,79.0,3,98
866,1833,2017-10-11 10:43,-129,437,341.0,351.0,0,44
867,1790,2016-04-23 22:40,-381,405,267.0,13.0,3,40
868,2062,2016-05-01 17:57,405,275,-31.0,-25.0,2,52
870,4482,2017-11-04 6:00,280,-10,-28.0,-63.0,3,32
872,1384,2017-02-22 13:26,428,-30,-463.0,-193.0,1,82
873,1856,2015-02-02 22:20,215,371,24.0,-143.0,2,36
874,4894,2016-08-11 12:22,-136,26,-182.0,-28.0,3,37
875,4997,2016-02-04 21:53,289,-59,300.0,-310.0,3,23
876,3840,2015-08-07 17:39,-41,-342,143.0,-101.0,5,54
877,1866,2016-04-16 17:28,40,-443,-56.0,410.0,0,82
879,4155,2016-08-03 5:49,-429,-103,179.0,56.0,1,40
880,1032,2017-11-24 13:18,-82,112,204.0,-336.0,3,37
881,2735,2017-01-20 22:20,479,-64,-412.0,427.0,3,67
882,3367,2015-06-24 4:13,-66,443,22.0,338.0,3,65
884,3219,2017-09-02 18:02,82,-322,18.0,342.0,0,38
885,2336,2015-03-21 1:29,250,393,-93.0,-497.0,0,13
886,2902,2016-06-04 16:37,472,14,69.0,265.0,5,14
887,3818,2017-05-27 18:21,-196,66,-360.0,405.0,2,86
888,1096,2016-09-15 0:39,421,192,114.0,-177.0,0,30
889,1502,2015-08-27 3:19,-146,31,-189.0,-165.0,5,85
890,4220,2017-02-22 0:35,-127,255,-395.0,-3.0,4,32
892,3024,2016-10-02 13:33,-164,237,-74.0,34.0,3,33
893,3931,2015-11-22 8:49,-273,-425,-420.0,382.0,2,84
894,4692,2015-11-07 15:24,-340,-429,-368.0,-21.0,3,31
895,3394,2016-01-18 20:51,307,-53,46.0,-340.0,2,66
897,4975,2016-06-11 17:15,-302,286,422.0,173.0,2,28
898,2476,2016-06-29 12:06,-105,261,-197.0,392.0,0,65
900,1899,2016-10-17 22:18,-163,-375,32.0,-70.0,1,72
903,4211,2015-11-28 6:18,-380,-359,-220.0,-219.0,4,40
904,1912,2017-08-13 6:35,464,-471,-360.0,294.0,4,56
905,1191,2017-08-13 19:30,28,119,468.0,-285.0,2,42
906,2567,2015-05-15 10:46,-425,-124,-460.0,-229.0,0,14
907,3839,2017-02-10 18:00,-302,-441,363.0,-32.0,5,38
908,3466,2016-01-18 16:03,246,318,-177.0,99.0,0,59
909,1256,2017-11-06 10:29,-422,-278,-457.0,-450.0,0,12
910,3700,2017-04-17 11:36,-7,-486,35.0,210.0,3,27
911,1616,2015-07-29 16:28,-249,-475,497.0,-328.0,3,37
913,4431,2015-06-07 4:50,-184,384,428.0,-126.0,2,38
917,3154,2016-05-06 10:55,-358,-438,114.0,-10.0,1,54
918,2623,2015-05-04 17:03,-389,217,212.0,-468.0,4,62
919,4949,2015-05-07 18:28,-319,181,-200.0,258.0,1,49
921,1833,2017-07-24 7:20,52,-108,19.0,-246.0,4,56
922,1189,2016-01-07 7:49,-485,294,180.0,98.0,5,69
924,1570,2017-08-05 15:05,454,-333,-405.0,233.0,4,74
925,2738,2017-08-06 12:09,487,52,-23.0,316.0,0,59
926,3280,2015-01-18 3:19,26,-449,147.0,477.0,1,13
927,2120,2017-09-10 6:21,61,-181,448.0,-182.0,5,15
929,2439,2017-05-12 18:32,-330,302,14.0,81.0,0,68
930,2980,2017-11-28 22:08,214,363,214.0,-380.0,1,11
931,1384,2015-06-10 2:28,-230,-101,-90.0,454.0,4,78
933,4750,2016-06-16 1:11,-280,-195,-74.0,-449.0,2,92
934,3607,2016-01-02 8:50,155,116,223.0,449.0,2,41
935,1663,2015-09-25 8:05,316,-352,36.0,365.0,0,45
936,1832,2015-08-26 2:13,-385,435,-441.0,-43.0,3,39
937,3605,2017-09-11 10:38,83,-59,-170.0,-384.0,5,59
939,1612,2015-02-23 9:54,-347,-300,-216.0,-330.0,1,69
940,2750,2015-05-28 7:52,161,17,396.0,-126.0,4,21
941,1854,2015-08-14 5:46,3,378,-127.0,-53.0,5,58
942,1773,2017-09-16 16:05,91,-100,-176.0,343.0,1,53
943,1220,2015-01-23 7:13,-34,258,119.0,192.0,2,73
945,2803,2015-09-20 21:27,-34,127,475.0,425.0,1,74
947,1234,2017-06-28 22:18,-108,457,-79.0,-215.0,4,15
948,1425,2017-08-03 6:26,-6,365,-452.0,388.0,0,48
949,4774,2017-06-09 8:11,174,-40,-293.0,147.0,5,34
951,3180,2015-08-18 17:21,-299,-316,22.0,-294.0,5,24
952,4559,2015-08-15 10:17,-33,185,149.0,4.0,0,36
953,4644,2015-03-18 2:23,481,-213,226.0,-96.0,3,79
954,4222,2015-04-15 14:01,220,250,-391.0,120.0,5,23
955,2372,2016-10-11 20:24,232,63,-492.0,259.0,1,44
956,1866,2015-03-20 9:30,419,-194,439.0,-124.0,5,16
957,1705,2017-08-21 14:56,-491,274,47.0,-415.0,5,89
958,3705,2015-01-17 19:42,492,-78,-400.0,-101.0,3,91
961,4779,2016-02-22 2:20,-323,348,-405.0,437.0,0,64
963,3299,2015-02-14 1:34,-85,66,-338.0,-238.0,3,61
964,4498,2016-09-04 2:38,-238,-304,-206.0,-342.0,5,23
966,4064,2015-02-07 15:57,387,-271,-136.0,-256.0,0,89
967,2744,2016-04-07 18:25,336,-147,-303.0,-413.0,2,63
968,4729,2015-10-11 15:22,63,36,-443.0,-361.0,0,83
970,4164,2016-06-19 1:29,-366,-1,377.0,-202.0,0,88
971,4164,2016-04-02 16:02,409,-95,348.0,-82.0,4,35
973,4236,2017-07-28 22:34,-242,206,363.0,-448.0,4,55
974,2783,2015-08-08 5:24,133,457,-430.0,481.0,1,87
975,3988,2015-09-21 6:57,-199,173,345.0,-25.0,4,22
976,1594,2017-09-12 13:54,-210,97,-120.0,-255.0,5,51
978,3243,2017-03-17 13:09,455,179,-156.0,-196.0,4,61
979,1018,2016-02-07 11:26,15,-233,209.0,-23.0,3,30
981,2834,2017-02-15 7:46,-63,117,-234.0,-329.0,4,77
983,1967,2017-11-15 21:21,-62,-176,-223.0,-315.0,2,62
984,4164,2016-06-09 3:37,358,103,50.0,-140.0,0,61
985,3344,2017-10-02 12:52,404,-175,144.0,-419.0,2,27
986,3969,2015-03-10 13:41,134,492,-225.0,-54.0,1,50
987,4836,2015-01-26 8:44,122,481,393.0,-249.0,2,50
988,1105,2017-06-14 10:37,-323,288,-97.0,210.0,2,72
989,2066,2017-03-09 7:50,-169,407,-113.0,-368.0,4,37
